Gender,Total,C#,HTML/CSS,JavaScript,Other_langs,SQL,Java,Python,PHP,TypeScript,Bash/Shell/PowerShell,C++
Man,16.621752449209605,5.31276189925729,10.356399734127098,11.212900615553565,15.314062364534866,9.09458717452244,6.588301592347484,7.306808658208825,4.273112157905384,4.326214490073115,5.680865820882582,3.912233043377742
Other,23.883037875318898,3.867665336560476,8.134362530254464,8.585726434225158,23.781644534571857,6.759010924314778,5.543926211813959,5.689474717079872,3.717210701903578,2.9273238699548636,3.604369725910905,3.5062471380911884
Woman,17.816091954022987,4.491101223581757,11.763070077864294,11.735261401557286,14.191694475342974,9.75157582499073,6.701890989988876,7.327586206896552,4.194475342973674,3.763440860215054,4.866518353726363,3.3972932888394514
