Gender,Total,C#,HTML/CSS,JavaScript,Other_langs,SQL,Java,Python,PHP,C,TypeScript,Bash/Shell/PowerShell,R,C++,Go
Man,16.621752449209605,5.31276189925729,10.356399734127098,11.212900615553565,9.40236395688235,9.09458717452244,6.588301592347484,7.306808658208825,4.273112157905384,3.5394329971389764,4.326214490073115,5.680865820882582,0.8810652255584775,3.912233043377742,1.4912001849550618
Other,23.883037875318898,3.867665336560476,8.134362530254464,8.585726434225158,18.486295545234512,6.759010924314778,5.543926211813959,5.689474717079872,3.717210701903578,3.3557925034342904,2.9273238699548636,3.604369725910905,0.8013344671943481,3.5062471380911884,1.1382220187087067
Woman,17.816091954022987,4.491101223581757,11.763070077864294,11.735261401557286,8.583611420096403,9.75157582499073,6.701890989988876,7.327586206896552,4.194475342973674,2.952354467927327,3.763440860215054,4.866518353726363,1.663885799035966,3.3972932888394514,0.9918427882832778
